{
  "feature_columns": [
    "oracle_lag_pct",
    "momentum_30s",
    "momentum_60s",
    "slope",
    "sigma_short",
    "sigma_long",
    "sigma_ratio",
    "obi",
    "cvd_60s",
    "tau",
    "tau_sq",
    "funding_rate",
    "pm_obi"
  ],
  "weights": [
    0.14558041014833245,
    0.15915251722149762,
    2.380440205785678,
    13.663502169247188,
    0.011748297920980932,
    -6.237077323764957,
    18.534903289770366,
    -0.3757716041312687,
    1.8209237622330192,
    0.00658819693917092,
    -0.2973316864144416,
    -0.6481666358082138,
    -67.98658391150344,
    1.8209237622330192
  ],
  "training_samples": 487,
  "training_brier": 0.234469,
  "training_accuracy": 0.583162
}