{
  "feature_columns": [
    "oracle_lag_pct",
    "momentum_30s",
    "momentum_60s",
    "slope",
    "sigma_short",
    "sigma_long",
    "sigma_ratio",
    "obi",
    "cvd_60s",
    "tau",
    "tau_sq",
    "funding_rate",
    "pm_best_bid",
    "pm_best_ask",
    "pm_mid_prob",
    "pm_spread",
    "pm_obi"
  ],
  "weights": [
    -1614431315605.1238,
    0.13250010926607234,
    3.1121220381219477,
    14.313892556681463,
    0.011622664440697905,
    -1.299760302836414,
    27.293941416443808,
    -0.3779222727810505,
    1.8099108031100979,
    0.006399987328006144,
    -0.34463155389297867,
    -0.6993865396255424,
    -102.45180786836343,
    -55333965247620.04,
    1100391354356.0803,
    0.0,
    1100391354356.0803,
    1.8099108031100979
  ],
  "training_samples": 487,
  "training_brier": 0.234227,
  "training_accuracy": 0.587269
}